[
    {
        "name": "Oppo C12",
        "price": 20000.67,
        "description": "OPPO F21 Pro 5G is a powerful device with",
        "ratings": 3.4,
        "image": [
            {
                "image": "/image/products/1.jpg"
            }
        ],
        "category": "Mobile Phones",
        "seller": "Amazon",
        "stock": 5,
        "numOfReviews": 13,
        "reviews": []
    },
    {
        "name": "Samsung Galaxy M32",
        "price": 18000.99,
        "description": "Samsung Galaxy M32 with 6000mAh battery",
        "ratings": 4.1,
        "image": [
            {
                "image": "/image/products/2.jpg"
            }
        ],
        "category": "Mobile Phones",
        "seller": "Flipkart",
        "stock": 10,
        "numOfReviews": 22,
        "reviews": []
    },
    {
        "name": "iPhone 13",
        "price": 75000.50,
        "description": "Apple iPhone 13 with A15 Bionic chip",
        "ratings": 4.8,
        "image": [
            {
                "image": "/image/products/3.jpg"
            }
        ],
        "category": "Mobile Phones",
        "seller": "Apple Store",
        "stock": 15,
        "numOfReviews": 55,
        "reviews": []
    },
    {
        "name": "Dell Inspiron 15",
        "price": 55000.00,
        "description": "Dell Inspiron 15 with Intel Core i5 11th Gen",
        "ratings": 4.2,
        "image": [
            {
                "image": "/image/products/4.jpg"
            }
        ],
        "category": "Laptops",
        "seller": "Amazon",
        "stock": 8,
        "numOfReviews": 18,
        "reviews": []
    },
    {
        "name": "HP Pavilion 14",
        "price": 65000.99,
        "description": "HP Pavilion 14 with AMD Ryzen 5",
        "ratings": 4.5,
        "image": [
            {
                "image": "/image/products/5.jpg"
            }
        ],
        "category": "Laptops",
        "seller": "HP Store",
        "stock": 12,
        "numOfReviews": 25,
        "reviews": []
    },
    {
        "name": "MacBook Air M1",
        "price": 95000.00,
        "description": "Apple MacBook Air with M1 Chip",
        "ratings": 4.9,
        "image": [
            {
                "image": "/image/products/6.jpg"
            }
        ],
        "category": "Laptops",
        "seller": "Apple Store",
        "stock": 20,
        "numOfReviews": 60,
        "reviews": []
    },
    {
        "name": "Asus ROG Strix",
        "price": 120000.75,
        "description": "Asus ROG Strix with NVIDIA GeForce RTX 3060",
        "ratings": 4.6,
        "image": [
            {
                "image": "/image/products/7.jpg"
            }
        ],
        "category": "Laptops",
        "seller": "Asus Store",
        "stock": 5,
        "numOfReviews": 40,
        "reviews": []
    },
    {
        "name": "Lenovo IdeaPad Slim 3",
        "price": 45000.50,
        "description": "Lenovo IdeaPad Slim 3 with Intel Core i3 10th Gen",
        "ratings": 4.0,
        "image": [
            {
                "image": "/image/products/8.jpg"
            }
        ],
        "category": "Laptops",
        "seller": "Flipkart",
        "stock": 10,
        "numOfReviews": 30,
        "reviews": []
    },
    {
        "name": "Microsoft Surface Laptop 4",
        "price": 100000.00,
        "description": "Microsoft Surface Laptop 4 with Intel Core i7",
        "ratings": 4.7,
        "image": [
            {
                "image": "/image/products/9.jpg"
            }
        ],
        "category": "Laptops",
        "seller": "Microsoft Store",
        "stock": 7,
        "numOfReviews": 22,
        "reviews": []
    },
    {
        "name": "Acer Aspire 5",
        "price": 50000.99,
        "description": "Acer Aspire 5 with AMD Ryzen 3",
        "ratings": 4.3,
        "image": [
            {
                "image": "/image/products/10.jpg"
            }
        ],
        "category": "Laptops",
        "seller": "Amazon",
        "stock": 14,
        "numOfReviews": 35,
        "reviews": []
    },
    {
        "name": "Samsung Galaxy Tab S7",
        "price": 45000.00,
        "description": "Samsung Galaxy Tab S7 with S Pen included",
        "ratings": 4.4,
        "image": [
            {
                "image": "/image/products/11.jpg"
            }
        ],
        "category": "Tablets",
        "seller": "Samsung Store",
        "stock": 12,
        "numOfReviews": 50,
        "reviews": []
    },
    {
        "name": "Apple iPad Pro",
        "price": 85000.00,
        "description": "Apple iPad Pro with M1 Chip",
        "ratings": 4.8,
        "image": [
            {
                "image": "/image/products/12.jpg"
            }
        ],
        "category": "Tablets",
        "seller": "Apple Store",
        "stock": 10,
        "numOfReviews": 65,
        "reviews": []
    },
    {
        "name": "Lenovo Tab P11",
        "price": 25000.00,
        "description": "Lenovo Tab P11 with 2K display",
        "ratings": 4.1,
        "image": [
            {
                "image": "/image/products/13.jpg"
            }
        ],
        "category": "Tablets",
        "seller": "Flipkart",
        "stock": 8,
        "numOfReviews": 28,
        "reviews": []
    },
    {
        "name": "Xiaomi Mi Pad 5",
        "price": 30000.99,
        "description": "Xiaomi Mi Pad 5 with Snapdragon 860",
        "ratings": 4.3,
        "image": [
            {
                "image": "/image/products/14.jpg"
            }
        ],
        "category": "Tablets",
        "seller": "Amazon",
        "stock": 15,
        "numOfReviews": 40,
        "reviews": []
    },
    {
        "name": "Microsoft Surface Pro 7",
        "price": 75000.00,
        "description": "Microsoft Surface Pro 7 with Intel Core i5",
        "ratings": 4.6,
        "image": [
            {
                "image": "/image/products/15.jpg"
            }
        ],
        "category": "Tablets",
        "seller": "Microsoft Store",
        "stock": 7,
        "numOfReviews": 33,
        "reviews": []
    },
    {
        "name": "Dell XPS 13",
        "price": 110000.50,
        "description": "Dell XPS 13 with Intel Core i7 11th Gen",
        "ratings": 4.7,
        "image": [
            {
                "image": "/image/products/16.jpg"
            }
        ],
        "category": "Laptops",
        "seller": "Dell Store",
        "stock": 9,
        "numOfReviews": 55,
        "reviews": []
    },
    {
        "name": "Asus VivoBook 15",
        "price": 38000.75,
        "description": "Asus VivoBook 15 with Intel Core i3 10th Gen",
        "ratings": 4.1,
        "image": [
            {
                "image": "/image/products/17.jpg"
            }
        ],
        "category": "Laptops",
        "seller": "Flipkart",
        "stock": 20,
        "numOfReviews": 20,
        "reviews": []
    },
    {
        "name": "HP Omen 15",
        "price": 90000.99,
        "description": "HP Omen 15 with NVIDIA GeForce GTX 1660 Ti",
        "ratings": 4.5,
        "image": [
            {
                "image": "/image/products/18.jpg"
            }
        ],
        "category": "Laptops",
        "seller": "HP Store",
        "stock": 11,
        "numOfReviews": 45,
        "reviews": []
    },
    {
        "name": "MacBook Pro M1",
        "price": 140000.00,
        "description": "Apple MacBook Pro with M1 Chip",
        "ratings": 4.9,
        "image": [
            {
                "image": "/image/products/19.jpg"
            }
        ],
        "category": "Laptops",
        "seller": "Apple Store",
        "stock": 10,
        "numOfReviews": 75,
        "reviews": []
    },
    {
        "name": "Sony Xperia 5 III",
        "price": 70000.00,
        "description": "Sony Xperia 5 III with Snapdragon 888",
        "ratings": 4.4,
        "image": [
            {
                "image": "/image/products/20.jpg"
            }
        ],
        "category": "Mobile Phones",
        "seller": "Sony Store",
        "stock": 6,
        "numOfReviews": 30,
        "reviews": []
    }
]
